# id	kind	status
PREC-001	run	PASS
PREC-002	run	PASS
PREC-003	run	PASS
PREC-004	run	PASS
PREC-005	compile_fail	PASS
PREC-006	compile_fail	PASS
PREC-007	compile_fail	PASS
PREC-008	compile_fail	PASS
NEG-001	run	PASS
NEG-002	run	PASS
NEG-003	run	PASS
NEG-004	run	PASS
FLOAT-001	run	PASS
FLOAT-002	run	PASS
FLOAT-003	run	FAIL
CAST-001	run	PASS
CAST-002	run	PASS
CAST-003	run	PASS
CAST-004	run	PASS
CAST-005	run_fail	PASS
CAST-006	run_fail	PASS
CAST-007	run_fail	PASS
CAST-008	run_fail	PASS
PRECOMP-001	structural	PASS
PRECOMP-002	structural	PASS
PRECOMP-003	compile_fail	PASS
PRECOMP-004	run	PASS
PRECOMP-005	compile_fail	PASS
PRECOMP-006	compile_fail	PASS
PRECOMP-007	compile_fail	PASS
GENERIC-001	run	PASS
GENERIC-002	compile_fail	PASS
GENERIC-003	run	PASS
GENERIC-004	run	PASS
GENERIC-005	compile_fail	PASS
GENERIC-006	compile_fail	PASS
GENERIC-007	run	PASS
GENERIC-008	run	PASS
GENERIC-009	run	PASS
GENERIC-010	run	PASS
GENERIC-011	run	PASS
GENERIC-012	compile_fail	PASS
ASYNC-001	run	FAIL
ASYNC-002	compile_fail	FAIL
ASYNC-003	blocked_contract	BLOCKED
ASYNC-004	run	FAIL
ASYNC-005	run	FAIL
ASYNC-006	run	FAIL
ASYNC-007	run	FAIL
ASYNC-008	compile_fail	PASS
ASYNC-009	blocked_contract	BLOCKED
PORT-001	run	FAIL
PORT-002	compile_fail	FAIL
PORT-003	run	FAIL
PORT-004	run	FAIL
PORT-005	compile_fail	FAIL
PORT-006	run	FAIL
SIMD-001	run	PASS
SIMD-002	compile_fail	PASS
SIMD-003	run	PASS
SIMD-004	compile_fail	PASS
SIMD-005	compile_fail	PASS
SIMD-006	compile_fail	PASS
SIMD-007	run	PASS
SIMD-008	compile_fail	PASS
SIMD-009	compile_fail	PASS
UI-001	compile_fail	FAIL
UI-002	run	FAIL
UI-003	compile_fail	FAIL
UI-004	blocked_contract	BLOCKED
UI-005	blocked_contract	BLOCKED
UI-006	compile_fail	FAIL
UI-007	run	FAIL
UI-008	compile_fail	FAIL
UI-009	compile_fail	FAIL
FFI-001	compile_fail	FAIL
FFI-002	compile_fail	FAIL
FFI-003	structural	PASS
FFI-004	compile_fail	PASS
FFI-005	compile_fail	PASS
FFI-006	compile_fail	FAIL
FFI-007	structural	PASS
AI-001	run	PASS
AI-002	blocked_contract	BLOCKED
AI-003	run	PASS
AI-004	compile_fail	PASS
AI-005	compile_fail	PASS
AI-006	run	PASS
AI-007	compile_fail	PASS
AI-008	compile_fail	PASS
AI-009	compile_fail	PASS
Q80-001	run	PASS
Q80-002	compile_fail	PASS
Q80-003	compile_fail	PASS
Q80-004	compile_fail	PASS
Q80-005	run	PASS
Q80-006	compile_fail	PASS
Q80-007	compile_fail	PASS
Q80-008	compile_fail	PASS
Q80-009	compile_fail	PASS
Q80-010	compile_fail	PASS
OPT-001	structural	PASS
OPT-002	structural	PASS
TARGET-001	structural	PASS
TARGET-002	structural	PASS
ZERO-001	structural	PASS
SIMD-010	run	PASS
SIMD-011	run	PASS
SIMD-012	compile_fail	PASS
SIMD-013	wasm_run	PASS
SIMD-014	riscv_structural	PASS
TARGET-RISCV-003	riscv_structural	PASS
SIMD-NEON-001	structural	PASS
SIMD-SSE2-001	structural	PASS
SIMD-WASM-001	wasm_run	PASS
SIMD-RISCV-001	riscv_structural	PASS
SIMD-SLP-001	structural	PASS
SIMD-LOOP-001	structural	PASS
SIMD-LOOP-002	run	PASS
SIMD-PROMOTE-001	structural	FAIL
SIMD-PROMOTE-X86-001	structural	FAIL
